{
  "packets_per_second": {
    "mean": 196.94705882352943,
    "std": 153.68704686375628,
    "p95": 437.05999999999995
  },
  "mbps": {
    "mean": 1.1482161411764709,
    "std": 1.0307644839033205,
    "p95": 2.6891835199999994
  },
  "requests_per_second": {
    "mean": 81.71176470588235,
    "std": 58.69844052796654,
    "p95": 164.0
  },
  "syn_ratio": {
    "mean": 0.03259381182156841,
    "std": 0.04111924646869761,
    "p95": 0.10311385210714065
  },
  "udp_ratio": {
    "mean": 0.03375201071447955,
    "std": 0.08812805145668627,
    "p95": 0.19236500215503957
  },
  "top_source_ratio": {
    "mean": 0.4611947077785829,
    "std": 0.05904196576871483,
    "p95": 0.5634748850922009
  },
  "top_port_ratio": {
    "mean": 0.36415073385250446,
    "std": 0.09781219026511259,
    "p95": 0.49146215415104166
  },
  "unique_sources": {
    "mean": 12.588235294117647,
    "std": 4.8635356726104435,
    "p95": 19.999999999999996
  }
}